elemnt;id;official_name;ref:CIS_JR;lat;lon;local_ref
node;5194568304;Jindřichův Hradec,,sídl.Vajgar-trojstředisko;;49.1390569;15.0190877;
node;5194613966;Jindřichův Hradec,,sídl.Vajgar-trojstředisko;;49.1392113;15.0201136;
node;5197761683;Jindřichův Hradec,,U cihelny;;49.1443361;15.0251008;
node;9174048194;Jindřichův Hradec,,U cihelny;;49.1447478;15.0276842;
node;3248441992;Jindřichův Hradec,,Zborovská;;49.1383683;15.0081563;
node;9174048345;Jindřichův Hradec,,Zborovská;;49.1382172;15.0082184;
node;6224789018;Jindřichův Hradec,Otín,vilky;;49.1407885;15.0393211;
node;8809000587;Jindřichův Hradec,Otín,vilky;;49.1404706;15.0401585;
node;5424845885;Jindřichův Hradec,Radouňka;13427;49.1636608;15.0018954;
node;5548331161;Komařice,Pašinovice;54404;48.8745167;14.5306119;
node;6980167437;Nasavrky;58361;49.4517899;14.6405147;
node;9729270167;Planá n.Luž.,,Nad Hejtmanem Lipová alej;;49.3405490;14.7214806;
node;9729270162;Planá n.Luž.,,Okružní bytovky;;49.3428884;14.7174324;
node;766751365;Planá n.Luž.,,Okružní bytovky;;49.3424923;14.7165720;
node;9969151976;Planá n.Luž.,,Strkovská;;49.3480729;14.7105722;
node;3742898330;Planá n.Luž.,,Strkovská;;49.3479161;14.7106638;
node;3646789800;Planá n.Luž.,,U řadovek;;49.3576199;14.6998084;
node;3646789801;Planá n.Luž.,,U řadovek;;49.3589593;14.7002728;
node;3742898329;Planá n.Luž.,,Za mostem;;49.3540250;14.6989806;
node;6980167648;Balkova Lhota,,Černý Les;63056;49.4535131;14.5915744;
node;6980167647;Balkova Lhota,,Černý Les;63056;49.4533731;14.5916341;
node;7377468655;Dolní Dvořiště,,st.hr.;6487;48.6506610;14.4526338;
node;9174048229;Jindřichův Hradec,,Jarošovská;;49.1535767;15.0131779;
node;5171752313;Jindřichův Hradec,,Jarošovská;;49.1529643;15.0126836;
node;9174048193;Jindřichův Hradec,,Jiráskovo předměstí;;49.1315442;15.0142555;
node;9174048191;Jindřichův Hradec,,Jiráskovo předměstí;;49.1311375;15.0136980;
node;3248441983;Jindřichův Hradec,,Jitka Bobelovka;;49.1475295;15.0364013;
node;9174048184;Jindřichův Hradec,,Na Palici;;49.1425208;14.9939092;
node;9174048182;Jindřichův Hradec,,Na Palici;;49.1427485;14.9937413;
node;1448497449;Jindřichův Hradec,,nám.Masarykovo;;49.1461037;15.0032185;
node;1448497447;Jindřichův Hradec,,nám.Masarykovo;;49.1460577;15.0040681;
node;6029940485;Jindřichův Hradec,,nemocnice hlavní brána;;49.1396800;15.0067432;
node;9174048344;Jindřichův Hradec,,nemocnice hlavní brána;;49.1395212;15.0068050;
node;9174048197;Jindřichův Hradec,,nemocnice LDN;;49.1384628;15.0043825;
node;5184450362;Jindřichův Hradec,,nemocnice LDN;;49.1388872;15.0027080;
node;9174048346;Jindřichův Hradec,,obchodní zóna;;49.1334180;15.0106310;
node;9174048347;Jindřichův Hradec,,obchodní zóna;;49.1330830;15.0096136;
node;9174048222;Jindřichův Hradec,,Oděva;;49.1481956;15.0017341;
node;9174048196;Jindřichův Hradec,,poliklinika;;49.1403239;15.0021023;
node;9174048195;Jindřichův Hradec,,poliklinika;;49.1396544;15.0023235;
node;9174048200;Jindřichův Hradec,,Pražská;;49.1514845;14.9963182;
node;9174048201;Jindřichův Hradec,,Pražská;;49.1511613;14.9965680;
node;5168668457;Jindřichův Hradec,,sídl. U nádraží;;49.1503347;15.0078996;
node;5168666913;Jindřichův Hradec,,sídl. U nádraží;;49.1506819;15.0089336;
node;4496749989;Tábor,Klokoty,Klášter;64938;49.4160822;14.6435101;
node;10741509937;Tábor,Klokoty,Klášter;;49.4159552;14.6433139;
node;10689847272;Blatná,,žel.st.;1500;49.4306483;13.8728463;
node;6657981018;Blatná,,žel.st.;1500;49.4305633;13.8726972;
node;6657981019;Blatná,,žel.st.;1500;49.4309845;13.8736134;
node;10689847275;Blatná,,žel.st.;1500;49.4305687;13.8730373;
node;9595873670;Přechovice,,rozc.0.1;;49.1801117;13.8931394;
node;6329597168;Sedlice,,škola;31202;49.3738226;13.9419929;
node;6329597155;Sedlice,,nám.;31197;49.3785210;13.9365358;
node;6329597156;Sedlice,,nám.;31197;49.3783266;13.9366435;
node;5514480151;Předotice,,u mostu;56825;49.3652760;14.0557328;
node;5514480152;Předotice,,u mostu;56825;49.3653563;14.0557261;
node;2446920528;Číměř;5206;49.0609601;15.0731198;
node;2446920535;Číměř;5206;49.0611244;15.0723128;
node;1834591855;Nová Bystřice,Nový Vojířov;23513;49.0246003;15.0504542;
node;2422237167;Člunek,Lomy;5312;49.1131532;15.1567793;
node;5422880688;Nová Bystřice,Senotín;23514;49.0641424;15.1453084;
node;2408841710;Nová Bystřice,Blato,rozc.0.6;23507;49.0458541;15.1627056;
node;8600244838;Nová Bystřice,Klenová;23511;49.0577586;15.1693029;
node;5422889448;Staré Město p.Land.,Podlesí;32984;49.0045566;15.2390003;
node;688975354;Staré Město p.Land.,,nám.;58546;49.0038507;15.2534373;
node;1347747860;Český Rudolec,Stoječín,rozc.0.1;5003;49.0445011;15.3040801;
node;7880597517;Strakonice,,aut.nádr.;33240;49.2554515;13.9166766;
node;7880597518;Strakonice,,aut.nádr.;33240;49.2555063;13.9166584;
node;7880597519;Strakonice,,aut.nádr.;33240;49.2555600;13.9166353;
node;7880597520;Strakonice,,aut.nádr.;33240;49.2556160;13.9166125;
node;7880597521;Strakonice,,aut.nádr.;33240;49.2556700;13.9165880;
node;7880597522;Strakonice,,aut.nádr.;33240;49.2557277;13.9165648;5
node;7880597523;Strakonice,,aut.nádr.;33240;49.2557816;13.9165411;
node;7880597524;Strakonice,,aut.nádr.;33240;49.2558358;13.9165189;
node;7880597525;Strakonice,,aut.nádr.;33240;49.2558915;13.9164951;
node;7880597526;Strakonice,,aut.nádr.;33240;49.2559461;13.9164724;
node;8446473550;Strakonice,,aut.nádr.;;49.2563348;13.9163255;
node;775992813;Jindřichův Hradec,Dolní Skrýchov;13447;49.1619580;15.0142409;
node;3248441994;Jindřichův Hradec,,kasárna;;49.1385980;15.0089672;
node;2704092984;Jindřichův Hradec,,kasárna;;49.1381372;15.0092970;
node;3248441982;Jindřichův Hradec,,hřbitov;;49.1312451;15.0181933;
node;9174048192;Jindřichův Hradec,,hřbitov;;49.1311902;15.0179925;
node;3248441980;Jindřichův Hradec,,Fruko;;49.1259294;15.0245612;
node;9014809375;Jindřichův Hradec,Horní Žďár,rozc.;;49.1126368;14.9983434;
node;9014809376;Jindřichův Hradec,Horní Žďár,rozc.;;49.1124764;14.9985504;
node;1446631721;Jindřichův Hradec,Horní Žďár,host.;;49.1123679;14.9961150;
node;9595850496;Strunkovice n.Vol.;;49.2096585;13.8880434;
node;9595886828;Strunkovice n.Vol.;;49.2068040;13.8874248;
node;10736739684;Strunkovice n.Vol.,,rozc.Němětice 0.5;;49.1988531;13.8857464;
node;10736739685;Strunkovice n.Vol.,,rozc.Němětice 0.5;;49.1985985;13.8856418;
node;5422871021;Jindřichův Hradec,Dolní Radouň,škola;13445;49.2008658;15.0034122;
node;4297850413;Lásenice,,Novoveský dvůr;17503;49.0699027;14.9965970;
node;5615054027;Číměř,Bílá;5207;49.0699132;15.0486302;
node;1446631731;Jindřichův Hradec,Horní Žďár,pískovna;;49.1193776;15.0011737;
node;9174048126;Jindřichův Hradec,Horní Žďár,pískovna;;49.1193761;15.0014099;
node;833185912;Dřešín,,rozc.0.2;;49.1637830;13.7792084;
node;4188120054;Dub,Javornice,rozc.1.0;7265;49.1299376;14.0094592;
node;2417685095;Bavorov,,nám.;598;49.1215327;14.0788776;3
node;7302121081;Křemže,Mříčí;16798;48.9087498;14.3261214;
node;7302121080;Křemže,Mříčí;16798;48.9088638;14.3262837;
node;10687627256;Záhoří,,rozc.1.0;41254;49.2081604;14.7946720;
node;10687627255;Záhoří,,rozc.1.0;41254;49.2082176;14.7938719;
node;10687627252;Pleše,,host.;26859;49.1981659;14.8206930;
node;10687627254;Pleše,,host.;26859;49.1983833;14.8205786;
node;5983584405;Kardašova Řečice,Nítovice;13983;49.1729981;14.8189513;
node;5983584570;Kardašova Řečice,Řehořinky;13984;49.1624291;14.8307812;
node;5983584507;Pluhův Žďár,Plasná;26918;49.1832747;14.8900869;
node;9729271012;Veselí n.Luž.,,Madeta;;49.2069482;14.7176806;
node;9729271013;Veselí n.Luž.,,Madeta;;49.2073081;14.7175211;
node;10690713515;Veselí n.Luž.,,aut.st.;39215;49.1935139;14.7159410;
node;4718745602;Ševětín,,nám.;34733;49.0995315;14.5724813;
node;906963483;Ševětín,,nám.;34733;49.0993701;14.5722207;
node;4718745603;Ševětín,,Na brankách;34732;49.0978172;14.5677252;
node;1842573953;Ševětín,,Na brankách;34732;49.0974808;14.5673081;
node;4718757683;Vitín;39694;49.0896878;14.5472196;
node;4718757684;Vitín;39694;49.0896547;14.5470229;
node;4718757686;Vitín,,Zadní díly;39696;49.0858071;14.5423576;
node;4718757685;Vitín,,Zadní díly;39696;49.0858452;14.5422064;
node;2126134686;Myštice,Kožlí,Drtina;49169;49.4577694;13.9733694;
node;10689847291;Bělčice,,nám.;799;49.5035439;13.8745661;
node;10689847293;Bělčice,,žel.st.;800;49.5035439;13.8844290;
node;9729270486;Veselí n.Luž.,,U kina;;49.1872355;14.7081288;
node;9729270487;Veselí n.Luž.,,U kina;;49.1873595;14.7081344;
node;4781736929;Veselí n.Luž.,,kult.dům;;49.1864641;14.7013655;
node;2404087538;Veselí n.Luž.,,kult.dům;;49.1866734;14.7013559;
node;5575849664;Lišov,Červený Újezdec;18896;49.0428343;14.5550668;
node;5575849662;Lišov,Kolný;18903;49.0598048;14.5664214;
node;5575849652;Lišov,Velechvín,U křížku;18910;49.0534426;14.5840372;
node;5575849650;Lišov,Velechvín;18909;49.0506872;14.5865631;
node;5575871563;Lišov,Hrutov;18901;49.0427266;14.6041424;
node;277324439;Třeboň,,žel.st.;36732;49.0152354;14.7602761;
node;2406897584;Třeboň,,Rožmberk rybník rozc.1.0;36741;49.0462433;14.7510389;
node;6402652671;Záblatí;41126;49.1049765;14.6842422;
node;6723554833;Holubov,Třísov;9298;48.8833590;14.3469094;
node;6723554834;Holubov,Třísov;9298;48.8833687;14.3465191;
node;6413684760;Kamenný Újezd,Kosov;13906;48.8771086;14.4197904;
node;6413684759;Kamenný Újezd,Kosov;13906;48.8769727;14.4199499;
node;4187843384;Chotýčany;11888;49.0685940;14.5221045;
node;4187843383;Chotýčany;11888;49.0685811;14.5224552;
node;2086552988;Kardašova Řečice,,nám.;13981;49.1844454;14.8511459;
node;10687627253;Kardašova Řečice,,nám.;13981;49.1845337;14.8509772;
node;9856199340;Třeboň,,aut.nádr.;;49.0080706;14.7649754;4
node;9856199343;Třeboň,,aut.nádr.;;49.0079530;14.7651507;
node;9856199339;Třeboň,,aut.nádr.;;49.0078342;14.7653262;
node;9856199342;Třeboň,,aut.nádr.;;49.0080952;14.7648286;
node;9856199341;Třeboň,,aut.nádr.;;49.0079836;14.7650026;
node;9856199344;Třeboň,,aut.nádr.;;49.0078664;14.7651785;
node;648514630;Třeboň,Nová Hlína;36762;49.0290397;14.8011038;
node;648514628;Třeboň,Nová Hlína;36762;49.0283675;14.8000845;
node;4718799558;Chotýčany,,k žel.st.rozc.1.0;11889;49.0761838;14.5312688;
node;4718799559;Chotýčany,,k žel.st.rozc.1.0;11889;49.0760493;14.5313454;
node;10901183985;Stráž n.Než.,Dolní Lhota;33394;49.0616447;14.9451159;
node;10901183986;Stráž n.Než.,Dolní Lhota;33394;49.0615042;14.9448964;
node;1306081687;Novosedly n.Než.,Stradinky,Jednoty;24021;49.0903464;14.8359306;
node;444601963;Zlatá Koruna,Letná;41895;48.8502829;14.3495828;
node;9846213136;Srnín;32649;48.8434594;14.3442798;
node;5115161072;Borovany,Hluboká u Bor.,u žel.přejezdu;2134;48.8962176;14.6755494;
node;5115161081;Borovany,Hluboká u Bor.;2132;48.8976559;14.6797166;
node;10179141065;Trhové Sviny,,aut.nádr.;;48.8391954;14.6368645;6
node;10179141070;Trhové Sviny,,aut.nádr.;;48.8391506;14.6371140;
node;10179141067;Trhové Sviny,,aut.nádr.;;48.8391083;14.6373488;
node;10179141068;Trhové Sviny,,aut.nádr.;;48.8392339;14.6370404;
node;10179141069;Trhové Sviny,,aut.nádr.;;48.8391966;14.6372477;
node;10179141066;Trhové Sviny,,aut.nádr.;;48.8391517;14.6374972;
node;6368630186;Trhové Sviny,Březí,rozc.1.0;36269;48.8373833;14.6078494;
node;6339841597;Svatý Jan n.Malší,Svachov;34185;48.8229458;14.4971070;
node;6339841598;Svatý Jan n.Malší,Svachov;34185;48.8228327;14.4970963;
node;319440836;Nové Hrady,Fischerovy chalupy;23781;48.7880251;14.8906411;
node;1919985902;Dvory n.Luž.;7565;48.8526285;14.9008546;
node;2428195571;Rapšach;29562;48.8791826;14.9334355;
node;2350432020;Lomnice n.Luž.,,Václavské nám.;19212;49.0815086;14.7194185;
node;5772871635;Lomnice n.Luž.,,rozc.Smržov 1.2;32288;49.0780212;14.7035031;
node;2350432859;Smržov,,Šaloun.sádky;19214;49.0684524;14.7023840;
node;2404083388;Lišov,Horní Slověnice;18900;49.0485858;14.6716661;
node;2435200002;Lišov,Hůrky;18902;49.0319872;14.6408973;
node;2430213990;Suchdol n.Luž.,,New York;33954;48.8857959;14.9054207;
node;5902293080;Hlincová Hora,,Kodetka;50703;48.9863190;14.5542227;
node;5902293081;Hlincová Hora,,Kodetka;50703;48.9864686;14.5538878;
node;5868140281;Jivno,,Vyhlídky;13585;48.9814748;14.5756079;
node;5868140282;Jivno,,Vyhlídky;13585;48.9815549;14.5756012;
node;6539300896;Lišov,Vlkovice;18911;48.9783164;14.6417301;
node;6539300897;Lišov,Vlkovice;18911;48.9782279;14.6416711;
node;2506805607;Nové Hrady,,žel.st.;23779;48.8232722;14.8091512;
node;6558049804;Jílovice,Kojákovice;13335;48.9300930;14.7412464;
node;2817480147;Čejetice,,žel.st.;;49.2525469;14.0151154;
node;10591152538;Štěkeň,,nám.;;49.2676778;14.0086039;
node;10591152537;Štěkeň,,nám.;;49.2675490;14.0091330;
node;8006998670;Strakonice,,Velké nám.;;49.2607376;13.9013797;
node;8006998671;Strakonice,,Velké nám.;;49.2608837;13.9014682;
node;2960758177;Benešov n.Černou,Klení;959;48.7620157;14.6224945;
node;923638711;Horní Stropnice,Šejby;9965;48.7286626;14.7728231;
node;5831950935;Ledenice,,aut.st.;17668;48.9329542;14.6189920;
node;4869841413;Ledenice,Zborov,rozc.0.8;17677;48.9426633;14.5693891;
node;2388629062;Borovany,,aut.nádr.;2124;48.9004525;14.6426440;1
node;10229322529;Borovany,,aut.nádr.;2124;48.9006739;14.6425371;2
node;10229322528;Borovany,,aut.nádr.;2124;48.9008961;14.6424311;3
node;2963328515;Trhové Sviny,Todně;36279;48.8385913;14.5630270;
node;6368463434;Trhové Sviny,Todně;36279;48.8385827;14.5631510;
node;4885339117;Kamenná;13860;48.7801056;14.6694591;
node;7889739623;Hluboká n.Vlt.,,U Pulců;;49.0549020;14.4526270;
node;7889739621;Hluboká n.Vlt.,,U Pulců;;49.0548092;14.4524973;
node;9270017381;Hluboká n.Vlt.,,Barborka;;49.0532199;14.4575668;
node;9270017382;Hluboká n.Vlt.,,Barborka;;49.0531960;14.4574167;
node;4707094307;Hluboká n.Vlt.,Nová Obora;8929;49.0665980;14.4625796;
node;4707094304;Hluboká n.Vlt.,Poněšice;8930;49.1046990;14.4803794;
node;4707094302;Hluboká n.Vlt.,Líšnice;8926;49.1296727;14.4859280;
node;4707094296;Hluboká n.Vlt.,Hroznějovice;48081;49.1500024;14.4874002;
node;4707047210;Žimutice,Pořežany,mlýn;42883;49.1623841;14.5014680;
node;4707047209;Žimutice,Pořežany;42882;49.1720263;14.4968801;
node;2409698017;Trhové Sviny,Čeřejov,rozc.1.0;;48.8577273;14.6155009;
node;2409698019;Trhové Sviny,Čeřejov,rozc.1.0;;48.8577921;14.6155009;
node;5861142249;Borovany,Trocnov;2137;48.9060470;14.5960276;
node;7301724248;Doubravice,,rozc.1.0;6986;48.9332639;14.5068759;
node;7301724247;Doubravice,,rozc.1.0;6986;48.9329479;14.5071827;
node;5861493009;Strážkovice;33454;48.8989953;14.5696118;
node;5861493010;Strážkovice;33454;48.8993639;14.5691934;
node;6471815484;Peč,Lidéřovice;26146;49.0661357;15.3715928;
node;6444560910;Peč;26145;49.0591086;15.3899470;
node;4044772866;Cizkrajov;4037;49.0308574;15.3901352;
node;2397155644;Cizkrajov,Holešice;4041;49.0265867;15.4162112;
node;3154925842;Cizkrajov,Mutná;4043;49.0162067;15.4043130;
node;2422236999;Hospříz;10223;49.1282203;15.0826274;
node;5580761939;Blažejov,Malý Ratmírov;1553;49.1430026;15.1239835;
node;9175107501;Nová Včelnice,,nám.;;49.2384014;15.0724452;
node;9175107502;Nová Včelnice,,nám.;;49.2382363;15.0726270;
node;2530579729;Nová Včelnice,,žel.st.;;49.2365682;15.0678095;
node;9175107498;Nová Včelnice,,žel.st.;;49.2364787;15.0678531;
node;9175107496;Nová Včelnice,,zdrav.stř.;;49.2400612;15.0681355;
node;9175107497;Nová Včelnice,,zdrav.stř.;;49.2401514;15.0681419;
node;2705895288;Stádlec,,nám.;;49.3791647;14.4955289;
node;1944985455;Studená,Horní Bolíkov,rozc.0.1;33754;49.1882742;15.3184907;
node;9174048226;Jindřichův Hradec,,Ke Kanclovu;;49.1589545;15.0227583;
node;9174048227;Jindřichův Hradec,,Ke Kanclovu;;49.1588868;15.0228534;
node;9174048228;Jindřichův Hradec,,Průmyslová;;49.1563562;15.0173752;
node;3248441999;Jindřichův Hradec,,Průmyslová;;49.1554406;15.0165353;
node;4770068860;Záblatí,,rozc.1.0;41128;49.1121855;14.6791617;
node;5770680185;Lomnice n.Luž.,,hřbitov;19211;49.1052784;14.7225276;
node;9174048189;Jindřichův Hradec,,Rudolfov;;49.1315926;14.9912098;
node;9174048190;Jindřichův Hradec,,Rudolfov;;49.1314991;14.9912813;
node;9174048187;Jindřichův Hradec,,Šindelna;;49.1353739;14.9950567;
node;9174048188;Jindřichův Hradec,,Šindelna;;49.1354049;14.9949935;
node;9174048181;Jindřichův Hradec,,Nežárka;;49.1404708;14.9964007;
node;9174048183;Jindřichův Hradec,,Nežárka;;49.1405168;14.9962650;
node;3248441993;Jindřichův Hradec,,Zbuzany;;49.1543370;14.9971022;
node;9174048205;Jindřichův Hradec,,Zbuzany;;49.1542558;14.9972218;
node;3696650808;Temelín,Březí u Týna,JE;35568;49.1805171;14.3894859;
node;3696649057;Temelín,Březí u Týna,JE;35568;49.1797117;14.3885360;
node;3696547184;Temelín,Kočín,rozc.1.0;35571;49.1607862;14.3740148;
node;3696547183;Temelín,Kočín,rozc.1.0;35571;49.1595975;14.3730541;
node;3696547182;Olešník,Nová Ves,rozc.0.5;24741;49.1394365;14.3856376;
node;3696547181;Olešník,Nová Ves,rozc.0.5;24741;49.1396520;14.3851518;
node;9174048225;Jindřichův Hradec,,Pravdova;;49.1489608;15.0029583;1
node;5161731846;Jindřichův Hradec,,Pravdova;;49.1490865;15.0032014;
node;5161731847;Jindřichův Hradec,,Pravdova;;49.1491526;15.0030851;
node;9174048223;Jindřichův Hradec,,Pravdova;;49.1492874;15.0033315;
node;7146421096;Jindřichův Hradec,,Pravdova;;49.1494962;15.0039456;
node;9174048224;Jindřichův Hradec,,Pravdova;;49.1493761;15.0037137;
node;4540993202;Modrá Hůrka;21673;49.1800501;14.5262418;
node;4719049088;Dolní Bukovsko,Radonice;6444;49.1437969;14.5484614;
node;6365300000;Veselí n.Luž.,Horusice;;49.1643594;14.6698094;
node;10741509911;Veselí n.Luž.,Horusice;;49.1644411;14.6697692;
node;6757211163;Libějovice,Černěves,rozc.1.0;;49.1130691;14.2192844;
node;10736739686;Libějovice,Černěves,rozc.1.0;;49.1128428;14.2193212;
node;9492192823;Strmilov,Malý Jeníkov;;49.1501425;15.2333669;
node;9492192826;Strmilov,Malý Jeníkov;;49.1502178;15.2332810;
node;9492192824;Strmilov,Malý Jeníkov,samoty;;49.1534168;15.2250839;
node;9492192825;Strmilov,Malý Jeníkov,samoty;;49.1533631;15.2250437;
node;2423065346;Strmilov,,aut.st.;;49.1590435;15.2020453;
node;9492192827;Strmilov,,aut.st.;;49.1589101;15.2020929;
node;2422241634;Střížovice,Rozkoš,továrna;33739;49.1441612;15.1619683;
node;2422241696;Střížovice;33737;49.1400074;15.1568620;
node;2422244161;Střížovice,Vlčice;33740;49.1486952;15.1568765;
node;6635259205;Blažejov,Mutyněves;1554;49.1636904;15.1257565;
node;6449729114;Staré Hobzí,Nové Dvory;32892;49.0296498;15.4755583;
node;9152525162;Písečné;26605;48.9651188;15.4620760;
node;5161700999;Jindřichův Hradec,,Claudiusova;;49.1493000;15.0063248;5
node;5161627353;Jindřichův Hradec,,Jitřenka;;49.1449207;15.0084344;
node;1448497214;Jindřichův Hradec,,Jitřenka;;49.1448806;15.0081190;
node;9174048198;Jindřichův Hradec,,nábřeží;;49.1431452;15.0042325;
node;2422046899;Jindřichův Hradec,,nábřeží;;49.1430412;15.0039936;
node;5161647681;Jindřichův Hradec,,nábřeží;;49.1430149;15.0042609;
node;610889588;Jindřichův Hradec,,Jáchymova;;49.1400493;15.0102119;
node;610889693;Jindřichův Hradec,,Jáchymova;;49.1405333;15.0117097;
node;9174048291;Jindřichův Hradec,,sídl.Vajgar-Merkur;;49.1410837;15.0167934;
node;5197126445;Jindřichův Hradec,,sídl.Vajgar-Merkur;;49.1411449;15.0165764;
node;5194737741;Jindřichův Hradec,,sídl.Vajgar-bazén;;49.1427568;15.0213044;
node;5194709810;Jindřichův Hradec,,sídl.Vajgar-bazén;;49.1432634;15.0221591;
node;3248441984;Jindřichův Hradec,,Jitka a.s.rozc.;;49.1454989;15.0340403;
node;9174048127;Jindřichův Hradec,,Jitka a.s.rozc.;;49.1454653;15.0337057;
node;2422190846;Jindřichův Hradec,,sídliště Otín;;49.1432616;15.0341583;
node;9174048128;Jindřichův Hradec,,sídliště Otín;;49.1437451;15.0340695;
node;2422236535;Jindřichův Hradec,Otín,rozc.0.1;;49.1382800;15.0454820;
node;6224789019;Jindřichův Hradec,Otín,rozc.0.1;;49.1381935;15.0456947;
node;2331101735;Dačice,,Havlíčkovo nám.;;49.0799753;15.4325781;
node;6219290974;Dačice,,Strojírenská rozc.;;49.0801690;15.4527075;
node;9524487749;Dačice,,Strojírenská rozc.;;49.0802569;15.4526596;
node;9524487747;Dačice,,aut.nádr.;;49.0838488;15.4376575;1
node;9524487746;Dačice,,aut.nádr.;;49.0836862;15.4377107;
node;9524487745;Dačice,,aut.nádr.;;49.0835025;15.4377708;
node;9524487744;Dačice,,aut.nádr.;;49.0833564;15.4378186;
node;9972796216;Dačice,,aut.nádr.;;49.0833783;15.4379737;
node;4371650081;Dačice,,aut.nádr.;;49.0835244;15.4379259;
node;9972809117;Dačice,,aut.nádr.;;49.0837081;15.4378658;
node;9972809118;Dačice,,aut.nádr.;;49.0838706;15.4378126;
node;9972796213;Dačice,,aut.nádr.;;49.0837304;15.4380235;
node;9972796214;Dačice,,aut.nádr.;;49.0835467;15.4380836;
node;9972796215;Dačice,,aut.nádr.;;49.0834006;15.4381314;
node;9972796212;Dačice,,aut.nádr.;;49.0838929;15.4379703;
node;4371586858;Volfířov;40070;49.1064499;15.3746489;
node;5990559253;Volfířov,Řečice;40075;49.1380719;15.3690402;
node;4989755452;Volfířov,Velká Lhota,škola;40079;49.1394362;15.3415999;
node;4989755499;Volfířov,Velká Lhota;40078;49.1407742;15.3351083;
node;7146613599;Volfířov,Brandlín;40071;49.1421818;15.3158516;
node;1944985434;Studená,Maršov;33756;49.1446149;15.2828014;
node;9492152589;Horní Němčice,,rozc.Maršov;;49.1535833;15.2861338;
node;9492152588;Horní Němčice,,rozc.Maršov;;49.1535093;15.2859808;
node;9492152587;Horní Němčice,,rozc.Maršov;;49.1533199;15.2861405;
node;1944985443;Studená,Sumrakov;33760;49.1743401;15.3208731;
node;302803296;Dolní Hořice,Hartvíkov;;49.4514682;14.8687175;
node;10741509942;Dolní Hořice,Hartvíkov;;49.4514266;14.8687773;
node;10689846341;Kostelec n.Vlt.,Sobědraž,rozc.s.19;15522;49.4897575;14.2412777;
node;10689847258;Radomyšl,,rozc.Chrášťovice Klínovice 1.1;11993;49.3136749;13.8973885;
node;4445533023;Borotín,Sychrov,rozc.Boratkov;2097;49.5168340;14.5829260;
node;10690708092;Borotín,Sychrov,rozc.Boratkov;2097;49.5168880;14.5829140;
node;3699681082;Borotín,Libenice,Nové Libenice;;49.5227525;14.5691566;
node;10741509934;Borotín,Libenice,Nové Libenice;;49.5228034;14.5691726;
node;1490036209;Županovice;43026;48.9571365;15.5061516;
node;5424845892;Horní Slatina;9926;49.0900609;15.5695327;
node;2647450363;Kostelní Vydří,,klášter;54880;49.1028747;15.4178327;
node;824091958;Ratibořské Hory,Podolí,rozc.0.3;29657;49.4667280;14.7356290;
node;10690713533;Ratibořské Hory,Podolí,rozc.0.3;29657;49.4667430;14.7359220;
node;824091975;Ratibořské Hory,Ratibořice,rozc.1.5;;49.4727309;14.7453354;
node;9104785159;Ratibořské Hory,Ratibořice,rozc.1.5;;49.4726742;14.7453852;
node;10690713543;Hlasivo,Hlasivko,rozc.1.0;8774;49.4858360;14.7549920;
node;10690713552;Hlasivo,Hlasivko,rozc.1.0;8774;49.4858700;14.7550850;
node;10690713542;Mladá Vožice,Blanice,rozc.1.0;21418;49.5091320;14.7847730;
node;10690713544;Mladá Vožice,Blanice,rozc.1.0;21418;49.5091740;14.7846930;
node;10690713539;Mladá Vožice,,rozc.Řemíčov 1.0;30785;49.5173910;14.7935750;
node;10690713548;Mladá Vožice,,rozc.Řemíčov 1.0;30785;49.5173530;14.7933920;
node;3908277148;Tábor,,aut.nádr.;35313;49.4141244;14.6742466;
node;3908288563;Tábor,,aut.nádr.;35313;49.4142322;14.6741174;
node;3908288564;Tábor,,aut.nádr.;35313;49.4143387;14.6743157;
node;3908288565;Tábor,,aut.nádr.;35313;49.4144298;14.6744813;
node;3751759457;Tábor,,aut.nádr.;35313;49.4138700;14.6745595;
node;3908277128;Tábor,,aut.nádr.;35313;49.4139658;14.6747342;
node;3908277129;Tábor,,aut.nádr.;35313;49.4140617;14.6748997;
node;3908277132;Tábor,,aut.nádr.;35313;49.4141446;14.6747960;
node;3908277131;Tábor,,aut.nádr.;35313;49.4140558;14.6746250;
node;3751759458;Tábor,,aut.nádr.;35313;49.4139574;14.6744414;
node;3908277140;Tábor,,aut.nádr.;35313;49.4140369;14.6743576;
node;3908277141;Tábor,,aut.nádr.;35313;49.4141292;14.6745377;
node;3908277144;Tábor,,aut.nádr.;35313;49.4142286;14.6747050;
node;3908277143;Tábor,,aut.nádr.;35313;49.4143351;14.6748906;
node;3908277153;Tábor,,aut.nádr.;35313;49.4144085;14.6747815;
node;252552646;Tábor,,aut.nádr.;;49.4139244;14.6753322;
node;3908277150;Tábor,,aut.nádr.;35313;49.4142570;14.6744958;
node;3908288566;Tábor,,aut.nádr.;35313;49.4145281;14.6746614;
node;6973964312;Chotoviny,Liderovice;;49.4706802;14.6469969;
node;9729271077;Chotoviny,Liderovice;;49.4705919;14.6470856;
node;250587481;Chotoviny,Sedléčko;;49.4943245;14.6810662;
node;10741509939;Chotoviny,Sedléčko;;49.4943053;14.6811656;
node;10690713519;Zhoř u Ml.Vožice;41882;49.5437770;14.7635470;
node;10690713520;Zhoř u Ml.Vožice;41882;49.5436780;14.7635690;
node;10690713522;Oldřichov,Těmice,rozc.1.0;24660;49.5473370;14.7515690;
node;6969751467;Nová Ves u Ml.Vožice,Horní Střítež;;49.5386216;14.7239093;
node;10741509908;Nová Ves u Ml.Vožice,Horní Střítež;;49.5386914;14.7237348;
node;8279649220;Chotoviny,Rzavá;;49.4789919;14.6557597;
node;8279649221;Chotoviny,Rzavá;;49.4789684;14.6559535;
node;3607940259;Chotoviny,,rozc.2.0;11871;49.4730604;14.6579683;
node;4121580824;Chotoviny,,rozc.2.0;11871;49.4723691;14.6585688;
node;251736579;Jistebnice,Vlásenice,Makov rozc.1.5;47452;49.4675387;14.5611016;
node;10690708097;Jistebnice,Vlásenice,Makov rozc.1.5;47452;49.4675862;14.5610458;
node;827195226;Choustník,Kajetín,rozc.0.5;;49.3318636;14.8233775;
node;10741509906;Choustník,Kajetín,rozc.0.5;;49.3319312;14.8234769;
node;827195282;Chrbonín;11994;49.3587806;14.8633352;
node;3634343707;Tábor,Hlinice;35345;49.4292648;14.7184403;
node;824091955;Tábor,Hlinice;35345;49.4293820;14.7190320;
node;3634343703;Tábor,Záluží;35342;49.4232600;14.7035260;
node;3634343704;Tábor,Záluží;35342;49.4231530;14.7036910;
node;10741509927;Šebířov,Křekovická Lhota,rozc.0.5;;49.5921703;14.7912890;
node;10741509928;Šebířov,Křekovická Lhota,rozc.0.5;;49.5920993;14.7913054;
node;60283151;Běleč,Elbančice,rozc.1.0;821;49.5453220;14.8433080;
node;10690713574;Běleč,Elbančice,rozc.1.0;821;49.5452420;14.8433430;
node;277461326;Běleč,Bzová,rozc.;820;49.5555990;14.8459470;
node;10690713573;Běleč,Bzová,rozc.;820;49.5555610;14.8463830;
node;609948560;Mladá Vožice,Staniměřice;;49.5285951;14.8506098;
node;10741509931;Mladá Vožice,Staniměřice;;49.5285581;14.8506771;
node;3262160651;Chýnov,,nám.;;49.4065615;14.8105771;
node;3262160652;Chýnov,,nám.;;49.4064938;14.8108013;
node;4445533020;Jistebnice,,Tisová rozc.1.0;13557;49.4803086;14.5472044;
node;4445533021;Jistebnice,,Tisová rozc.1.0;13557;49.4803069;14.5482817;
node;10741509925;Šebířov,Kříženec,rozc.0.5;;49.5983782;14.7795390;
node;10741509926;Šebířov,Kříženec,rozc.0.5;;49.5983119;14.7795630;
node;4445533007;Balkova Lhota,,Knížata rozc.1.0;322;49.4552230;14.5885100;
node;10690713513;Balkova Lhota,,Knížata rozc.1.0;322;49.4553070;14.5885770;
node;2960622033;Mladá Vožice,Dubina,rozc.0.5;;49.5209348;14.8134808;
node;8725372187;Mladá Vožice,Dubina,rozc.0.5;;49.5209767;14.8136348;
node;6630276106;Radomyšl,,nákup.stř.;29269;49.3164787;13.9301357;
node;6630276105;Radomyšl,,nákup.stř.;29269;49.3163586;13.9291036;
node;10840118604;Radomyšl,,vysílač;29272;49.3286599;13.9371357;
node;10840118603;Radomyšl,,vysílač;29272;49.3285747;13.9367668;
node;10690713530;Tábor,Hlinice,rozc.2.0;35347;49.4445950;14.7027950;
node;10690713532;Tábor,Hlinice,rozc.2.0;35347;49.4445723;14.7029064;
node;824091957;Chotoviny,Jeníčkova Lhota,háj.;;49.4586896;14.7269217;
node;9104785158;Chotoviny,Jeníčkova Lhota,háj.;;49.4587472;14.7269139;
node;504484086;Chrášťany;11967;49.2966616;14.3875432;
node;4453492470;Nadějkov,Brtec,rozc.;;49.4910429;14.4824485;
node;8725711451;Nadějkov,Brtec,rozc.;;49.4909704;14.4822732;
node;300807232;Nadějkov,Hronova Vesec,rozc.1.0;;49.4912290;14.4759006;
node;8725711449;Nadějkov,Hronova Vesec,rozc.1.0;;49.4911436;14.4758520;
node;6364695702;Soběslav,,nám.hotel Slunce;;49.2590680;14.7196198;
node;6364695709;Soběslav,,nám.U Husa;;49.2594438;14.7205477;
node;9270017380;Hluboká n.Vlt.,,Zámostí žel.st.;;49.0509804;14.4639314;
node;4707094300;Hluboká n.Vlt.,Kostelec;8924;49.1378277;14.4752722;
node;4707094292;Hluboká n.Vlt.,Hroznějovice,hájenka;8922;49.1534313;14.4928934;
node;9852965251;Čenkov u Bech.,,Malý Čenkov;;49.2405100;14.4965244;
node;9852965252;Čenkov u Bech.;;49.2342887;14.5004090;
node;9852965253;Čenkov u Bech.;;49.2342536;14.5002692;
node;5884157663;Dolní Bukovsko;6437;49.1710529;14.5807940;
node;4786933624;Jankov;12617;48.9667434;14.2977864;
node;9009640268;Sudoměřice u Bech.,,nákl.nádr.Bechyně I;;49.2920850;14.4816676;
node;9009640270;Sudoměřice u Bech.,,nákl.nádr.Bechyně I;;49.2920006;14.4816058;
node;9009640269;Sudoměřice u Bech.,,nákl.nádr.Bechyně II;;49.2915878;14.4803205;
node;9009640271;Sudoměřice u Bech.,,nákl.nádr.Bechyně II;;49.2916137;14.4802446;
node;10741487096;Smilovy Hory,Obrátice,rozc.1.0;;49.5201002;14.8902669;
node;10741487097;Smilovy Hory,Obrátice,rozc.1.0;;49.5201070;14.8903740;
node;10690708088;Nadějkov,Kaliště,rozc.1.0;22457;49.5164150;14.4858680;
node;3742898332;Planá n.Luž.,Strkov;;49.3447831;14.7168265;
node;9969151993;Planá n.Luž.,Strkov;;49.3449339;14.7168297;
node;9729270154;Planá n.Luž.,Strkov,sádky;;49.3381273;14.7265724;
node;8294224022;Planá n.Luž.,Strkov,sádky;;49.3377790;14.7267906;
node;9270017379;Hluboká n.Vlt.,,Sportovní areál;;49.0511993;14.4439783;
node;9270017378;Hluboká n.Vlt.,,Sportovní areál;;49.0506178;14.4439536;
node;9270017383;Hluboká n.Vlt.,,Zámostí most;;49.0538807;14.4462744;
node;9270017384;Hluboká n.Vlt.,,Zámostí most;;49.0539153;14.4460958;
node;9123902771;Hlavatce,Vyhnanice,rozc.2.0;;49.3000685;14.6248984;
node;9123902770;Hlavatce,Vyhnanice,rozc.2.0;;49.3001292;14.6251156;
node;10741509943;Skrýchov u Malšic,Dudov;;49.3217072;14.5864854;
node;10741509945;Skrýchov u Malšic,Dudov;;49.3225958;14.5876240;
node;10741509944;Skrýchov u Malšic,Dudov;;49.3226545;14.5875369;
node;602334660;Malšice,Dobřejice,háj.;;49.3591745;14.5437962;
node;10741509936;Malšice,Dobřejice,háj.;;49.3591298;14.5437682;
node;4705446423;Sedlec,Vlhlavy;31144;49.0526371;14.2934504;
node;4720787832;Sedlec,Lékařova Lhota;31138;49.0789119;14.2619821;
node;4716917571;Zliv,,nákup.stř.;42060;49.0637542;14.3674920;
node;9270017373;Hluboká n.Vlt.,,škola;;49.0550861;14.4292581;
node;3696634851;Hluboká n.Vlt.,,žel.st.rozc.1.0;8919;49.0365315;14.4314735;
node;3696634852;Hluboká n.Vlt.,,žel.st.rozc.1.0;8919;49.0363873;14.4311791;
node;6421995980;Lipí,Kaliště u Lipí;18563;48.9559243;14.3800139;
node;6421995981;Lipí,Kaliště u Lipí;18563;48.9560230;14.3801698;
node;8035352234;Dubné,Třebín,Jednoty;7348;48.9621296;14.3894428;
node;4705641241;Strýčice;33603;49.0105675;14.2655001;
node;4705643254;Strýčice;33603;49.0106355;14.2654700;
node;7744527385;Střítež,Raveň,rozc.0.5;;48.7670451;14.4718069;
node;7744527386;Střítež,Raveň,rozc.0.5;;48.7666694;14.4723226;
node;7744494984;Kaplice,Hubenov;;48.7619351;14.4757952;
node;7744494983;Kaplice,Hubenov;;48.7615760;14.4758092;
node;8586819904;Kaplice,,sídl.9.května;;48.7449840;14.4910385;
node;8586819903;Kaplice,,sídl.9.května;;48.7448370;14.4910557;
node;8586804730;Kaplice,,nám.;;48.7386737;14.4934828;
node;8586804731;Kaplice,Mostky,samoty;;48.7302878;14.5080917;
node;8586804732;Kaplice,Mostky,samoty;;48.7303007;14.5082550;
node;3696628472;Hluboká n.Vlt.,,pod hotelem;;49.0546659;14.4276314;
node;3696628471;Hluboká n.Vlt.,,pod hotelem;;49.0548850;14.4277545;
node;8357455024;Němčice,Sedlovice,rozc.1.0;;49.0310754;14.2619692;
node;8357455023;Němčice,Sedlovice,rozc.1.0;;49.0311937;14.2615440;
node;10055563770;Babice,Zvěřetice,rozc.1.0;;49.0348647;14.2482432;
node;364637908;Dolní Hořice,Chotčiny,rozc.0.5;;49.4438718;14.8245827;
node;10741509941;Dolní Hořice,Chotčiny,rozc.0.5;;49.4437942;14.8245073;
node;827195258;Dlouhá Lhota;5885;49.3539366;14.7899015;
node;9969151979;Planá n.Luž.,,Kravín;;49.3676965;14.7321222;
node;3911495959;Planá n.Luž.,,Kravín;;49.3678442;14.7324742;
node;9969152005;Planá n.Luž.,,Svit;;49.3628672;14.7199202;
node;674299069;Planá n.Luž.,,Svit;;49.3626142;14.7194568;
node;4779029715;Planá n.Luž.,,Chýnovská;;49.3598253;14.7143902;
node;9969152004;Planá n.Luž.,,Chýnovská;;49.3596859;14.7143356;
node;9406108782;Planá n.Luž.,,Masokombinát točna;;49.3590418;14.7084075;
node;4779029711;Planá n.Luž.,,Masokombinát točna;;49.3589416;14.7082870;
node;4779029712;Planá n.Luž.,,Masokombinát záv.;;49.3616627;14.7061205;
node;9406108783;Planá n.Luž.,,Masokombinát záv.;;49.3612978;14.7061575;
node;9725063312;Planá n.Luž.,,u lesa;;49.3498337;14.6964589;
node;9725063313;Planá n.Luž.,,u lesa;;49.3497903;14.6965216;
node;9969151977;Planá n.Luž.,Lhota Samoty;;49.3547980;14.6840843;
node;9969151978;Planá n.Luž.,Lhota Samoty;;49.3547294;14.6841845;
node;9725081257;Slapy,,rozc.;;49.3869152;14.6238747;
node;9725081258;Slapy,,rozc.;;49.3870142;14.6238521;
node;2883601287;Planá n.Luž.,,Silon;;49.3729163;14.7041445;
node;9406108803;Planá n.Luž.,,Silon;;49.3733836;14.7049839;
node;9406108801;Planá n.Luž.,,hřbitov;;49.3665831;14.7009698;
node;4779029714;Planá n.Luž.,,hřbitov;;49.3666958;14.7011080;
node;9406108800;Planá n.Luž.,,MADETA;;49.3635223;14.7034946;
node;4779029709;Planá n.Luž.,,nám.;;49.3531323;14.7027973;
node;9969151992;Planá n.Luž.,,nám.;;49.3532370;14.7029477;
node;10785240488;Střítež,Kaplice-nádraží,rozc.0.3;13947;48.7749253;14.4654157;
node;10785240487;Střítež,Kaplice-nádraží,rozc.0.3;13947;48.7748414;14.4657042;
node;5318700464;Dolní Dvořiště,,rozc.Rožmberk 4.0;30293;48.6290131;14.3711887;
node;5318700462;Dolní Dvořiště,,rozc.Rožmberk 4.0;30293;48.6291115;14.3720283;
node;7377468666;Dolní Dvořiště,Rychnov n.Malší,rozc.;6492;48.6618887;14.4539862;
node;7377468667;Dolní Dvořiště,Rychnov n.Malší,rozc.;6492;48.6618538;14.4538713;
node;4706948057;Hluboká n.Vlt.,Purkarec;8931;49.1289392;14.4519584;
node;4707017218;Hluboká n.Vlt.,Jeznice;8923;49.1491902;14.4446789;
node;4707017222;Hluboká n.Vlt.,,U dvou šraňků;8916;49.1613714;14.4294114;
node;4707047208;Týn n.Vlt.,Hněvkovice,rozc.0.8;37284;49.1946597;14.4481185;
node;4804233806;Týn n.Vlt.,,Velký Depot;37276;49.2392739;14.4599297;
node;6753741143;Dubné,Třebín;7347;48.9664273;14.3908507;
node;8035352223;Dubné,Třebín;7347;48.9665749;14.3906973;
node;5557202540;Komařice,Pašinovice,rozc.0.8;15161;48.8769853;14.5384831;
node;5557202541;Komařice,Pašinovice,rozc.0.8;15161;48.8770695;14.5386298;
node;10785240502;Střítež,Kaplice-nádraží,žel.st.;33707;48.7748336;14.4683315;
node;10785240503;Střítež,Kaplice-nádraží,žel.st.;33707;48.7748890;14.4686315;
node;332447773;Rožmitál na Šumavě,Hněvanov,rozc.;30299;48.6924119;14.4007041;
node;444629960;Horní Dvořiště;9735;48.6041926;14.4046559;
node;9919256969;Zubčice,,rozc.0.2;42158;48.7948648;14.4121616;
node;7377468669;Bujanov,Suchdol,rozc.;3460;48.6774741;14.4502677;
node;7377468668;Bujanov,Suchdol,rozc.;3460;48.6776785;14.4505997;
node;6298786575;Lhenice,Dolní Chrášťany,rozc.1.0;18013;49.0175851;14.2120880;
node;6298786576;Lhenice,Dolní Chrášťany,rozc.1.0;18013;49.0176625;14.2120107;
node;5497102747;Protivín,Chvaletice;28431;49.1871978;14.1785337;
node;5497102708;Protivín,Záboří;28442;49.1699894;14.2540070;
node;5497102709;Protivín,Záboří;28442;49.1698675;14.2540956;
node;5556205139;Albrechtice n.Vlt.,Údraž;69;49.2816625;14.3090379;
node;8633623248;Albrechtice n.Vlt.,Údraž,chalupy;70;49.2912411;14.3060967;
node;5497102707;Protivín,Milenovice;51116;49.1748301;14.2153591;
node;5491564018;Ražice,Štětice;29720;49.2260655;14.0964843;
node;5491580347;Kestřany,Zátaví;14273;49.2769864;14.1052913;
node;5491580377;Kestřany,,Staré;14271;49.2689912;14.0747577;
node;5491580378;Kestřany,,Staré;14271;49.2690034;14.0746155;
node;5491580331;Dobev,Nová Dobev;5945;49.2949410;14.0422386;
node;5491580332;Dobev,Nová Dobev;5945;49.2950106;14.0442777;
node;5491675737;Záhoří,Horní Záhoří,ObÚ;41261;49.3433398;14.2121828;
node;5491675736;Záhoří,Horní Záhoří,ObÚ;41261;49.3433735;14.2124063;
node;5772864571;Lomnice n.Luž.,,žel.st.;19213;49.0882689;14.7277344;
node;5491675761;Albrechtice n.Vlt.,Chřešťovice;65;49.3210643;14.2889106;
node;5524763078;Kluky,Dobešice;14721;49.3259017;14.2604484;
node;5524763079;Kluky,Dobešice;14721;49.3260101;14.2605436;
node;690267800;Jankov,Holašovice;12618;48.9708826;14.2729006;
node;9955011438;Kájov,Mezipotočí,rozc.1.5;13682;48.7954553;14.2405150;
node;9955011437;Kájov,Mezipotočí,rozc.1.5;13682;48.7954641;14.2401594;
node;8618170703;Dynín,Lhota,rozc.;7648;49.1328441;14.6515249;
node;6638080554;Dvory;7564;49.0393498;13.9454913;
node;6638080555;Dvory;7564;49.0392016;13.9453880;
node;5028594459;Prachatice,,nám.Přátelství;;49.0190171;13.9972010;
node;5028594458;Prachatice,,nám.Přátelství;;49.0189550;13.9968532;
node;6641049294;Prachatice,Libínské Sedlo;28058;48.9782330;13.9883611;
node;10134776254;Prachatice,,aut.nádr.;;49.0139492;14.0051237;7
node;802738830;Prachatice,,aut.nádr.;;49.0138569;14.0050512;
node;10134776253;Prachatice,,aut.nádr.;;49.0138999;14.0050870;
node;10134776252;Prachatice,,aut.nádr.;;49.0138107;14.0050140;
node;10134776251;Prachatice,,aut.nádr.;;49.0137661;14.0049774;
node;10134776250;Prachatice,,aut.nádr.;;49.0137157;14.0049393;
node;9921288115;Rožmberk n.Vlt.,,nám.;30292;48.6549009;14.3662911;
node;5028594464;Prachatice,,Malé nám.;;49.0139426;13.9993972;
node;5028594474;Prachatice,,žel.st.;;49.0153444;14.0084627;
node;7634508549;Albrechtice n.Vlt.,Újezd;71;49.2420260;14.3517218;
node;9873063770;Albrechtice n.Vlt.;;49.2559357;14.3081871;
node;9873063771;Albrechtice n.Vlt.;;49.2556644;14.3080346;
node;8722826005;Kájov,Staré Dobrkovice;13677;48.8158177;14.2851243;
node;8722826004;Kájov,Staré Dobrkovice;13677;48.8156852;14.2851779;
node;9810787884;Kájov;13674;48.8123194;14.2592443;
node;9810787883;Kájov;13674;48.8124906;14.2593988;
node;5874309999;Ktiš,Smědeč;16961;48.9361148;14.1536924;
node;5874310000;Ktiš,Smědeč;16961;48.9359800;14.1535141;
node;4937980382;Brloh,Nová Hospoda;2726;48.8946117;14.2227412;
node;5817996623;Dolní Třebonín,Záluží;6764;48.8746080;14.3823521;
node;6323705705;Brloh,Rojšín,rozc.;2728;48.9155161;14.2459347;
node;6323705706;Brloh,Rojšín,rozc.;2728;48.9155911;14.2459994;
node;5028594470;Prachatice,,Kandlův mlýn rozc.0.3;;49.0009310;14.0132119;
node;5028594471;Prachatice,,Kandlův mlýn rozc.0.3;;49.0009080;14.0130014;
node;4188120024;Budkov;3430;49.0705010;14.0070647;
node;4188120053;Dub,Javornice;7264;49.1207776;14.0041756;
node;10689913286;Hrejkovice,Pechova Lhota,rozc.;10763;49.5023918;14.2929726;
node;10689913287;Hrejkovice,Pechova Lhota,rozc.;10763;49.5024910;14.2930460;
node;10689846326;Hrejkovice,Chlumek,rozc.0.8;10756;49.4684486;14.3071289;
node;10689846327;Hrejkovice,Chlumek,rozc.0.8;10756;49.4686966;14.3066874;
node;10689846365;Mirovice,Ohař,rozc.1.0;21304;49.5458031;14.0497475;
node;10689846363;Mirovice,Ohař,rozc.1.0;21304;49.5457115;14.0494814;
node;9811794896;Mirovice,Ráztely,rozc.2.0;21308;49.5235940;14.0032510;
node;5499388666;Mirovice,Ráztely;21307;49.5082510;13.9922328;
node;10689913279;Mišovice,Draheničky,rozc.;21365;49.5123215;13.9626188;
node;10689913280;Mišovice,Draheničky,rozc.;21365;49.5123558;13.9627972;
node;10689913277;Mišovice,Draheničky,rozc.Hostišovice 2.0;805;49.5005608;13.9493837;
node;10689913278;Mišovice,Draheničky,rozc.Hostišovice 2.0;805;49.5005913;13.9494886;
node;5499388685;Mišovice,Svučice;21368;49.4985551;13.9865653;
node;5499388695;Mišovice;21363;49.4954620;14.0051866;
node;5499389609;Mišovice,Slavkovice;21367;49.4917429;14.0197878;
node;5499388703;Minice;21224;49.4896169;14.0122622;
node;5499389570;Mišovice,Pohoří;21366;49.4861883;14.0135115;
node;5499389571;Mišovice,Pohoří;21366;49.4862946;14.0134501;
node;10689846375;Čimelice,,nám.;5203;49.4651423;14.0688388;
node;10689846374;Čimelice,,nám.;5203;49.4648080;14.0686297;
node;6641049168;Zbytiny,Blažejovice,II;54901;48.9542163;13.9538149;
node;6641049415;Křišťanov;16875;48.9096227;14.0192728;
node;7020187610;Boudy;2332;49.4489917;14.0363760;
node;3744149915;Nová Pec,,žel.st.;47522;48.7895331;13.9513456;
node;10689846331;Přeborov,,rozc.0.5;21108;49.4757271;14.3648605;
node;10689846332;Přeborov,,rozc.0.5;21108;49.4757958;14.3650475;
node;5494278344;Lety;17941;49.5171013;14.0880977;
node;5494278339;Lety;17941;49.5169585;14.0878563;
node;10689846372;Lety,,rozc.1.3 sil.č.4;17944;49.5211525;14.0726633;
node;10689846373;Lety,,rozc.1.3 sil.č.4;17944;49.5209084;14.0724468;
node;8542125052;Nerestce,Dolní Nerestce,rozc.;23005;49.4991491;14.0732583;
node;8542125053;Nerestce,Dolní Nerestce,rozc.;23005;49.4994226;14.0735225;
node;4745864056;Mirovice,,rozc.k žel.st.;21297;49.5121307;14.0309143;
node;4745864057;Mirovice,,rozc.k žel.st.;21297;49.5119667;14.0309544;
node;4737882458;Mirovice,,nám.;21296;49.5160534;14.0365144;
node;5316457239;Vyšší Brod,,Čertova Stěna rozc.;41047;48.6290675;14.2800142;
node;5316457238;Vyšší Brod,,Čertova Stěna rozc.;41047;48.6297280;14.2797433;
node;332570963;Přídolí,Práčov;28889;48.7578127;14.3385450;
node;7017443026;Předotice,Křešice;28580;49.3679467;14.0638693;
node;7017443027;Předotice,Křešice;28580;49.3680393;14.0638733;
node;277065660;Tábor,,sídl.Nad Lužnicí E 55;;49.3886592;14.6912640;
node;277065661;Tábor,,sídl.Nad Lužnicí E 55;;49.3881948;14.6910649;
node;10689846318;Zhoř,Zbislav,rozc.0.5;41880;49.4917145;14.3638716;
node;10689846320;Zhoř,Zbislav,rozc.0.5;41880;49.4917526;14.3640537;
node;10689846315;Chyšky,Hněvanice,rozc.Hrazánky 1.4;10735;49.5132256;14.3593302;
node;10689846319;Chyšky,Hněvanice,rozc.Hrazánky 1.4;10735;49.5130997;14.3591700;
node;9811666590;Hrazany,Hrazánky,rozc.1.7;10736;49.5241850;14.3544890;
node;251694591;Tábor,,Písecké rozc.;;49.4195998;14.6605116;
node;9406108817;Tábor,,Písecké rozc.;;49.4194645;14.6603486;
node;299410418;Tábor,,nem.;;49.4204775;14.6516056;
node;251694589;Tábor,,nem.hl.vchod;;49.4182448;14.6522571;
node;251695801;Tábor,,Křižíkovo nám.;;49.4126551;14.6647346;
node;3587907717;Tábor,,Křižíkovo nám.;;49.4127993;14.6657273;
node;6639935884;Strunkovice n.Blan.,Šipoun;50290;49.0868244;14.0934326;
node;6732436741;Vacov,Přečín;37997;49.1416050;13.7398484;
node;6732455233;Vrbice;40304;49.1413910;13.7161437;
node;6732455345;Vrbice;40304;49.1412607;13.7160283;
node;277065652;Tábor,,sídl.Nad Lužnicí;;49.3896143;14.6888106;
node;277065653;Tábor,,sídl.Nad Lužnicí;;49.3889135;14.6884289;
node;277065656;Tábor,,sídl.Nad Lužnicí střed;;49.3903589;14.6841644;
node;277065657;Tábor,,sídl.Nad Lužnicí střed;;49.3907992;14.6841061;
node;277065654;Sezimovo Ústí,,I nám.;;49.3854929;14.6843674;
node;277065655;Sezimovo Ústí,,I nám.;;49.3855669;14.6845899;
node;277065658;Sezimovo Ústí,,I rozc.;;49.3812514;14.6877152;
node;277065659;Sezimovo Ústí,,I rozc.;;49.3811780;14.6878728;
node;9406108832;Tábor,,Žižkovo nám.;;49.4143200;14.6591171;
node;6688383114;Vacov,,Bošice;37986;49.1351548;13.6825262;
node;6688382901;Vacov,Javorník;37990;49.1380815;13.6637869;
node;6688382902;Vacov,Javorník;37990;49.1380798;13.6639653;
node;10130340971;Předotice,Podolí II,rozc.;28586;49.3752419;14.0515941;
node;7017636347;Čížová,Topělec;5298;49.3407997;14.1403122;
node;7017636450;Čížová,Topělec;5298;49.3408399;14.1401714;
node;7017620019;Čížová,Zlivice;5300;49.3576480;14.1056772;
node;3196858952;Vráž,Stará Vráž,lázně;40270;49.3786314;14.1260412;
node;5511247609;Drhovle,,Domov důchodců;49289;49.3360696;14.0428126;
node;5511247610;Drhovle,,Domov důchodců;49289;49.3361849;14.0428032;
node;7294944066;Hluboká n.Vlt.,Bavorovice;66720;49.0230260;14.4415606;
node;5552404380;Písek,,žel.st.;26648;49.2966183;14.1433394;13
node;5490918909;Písek,Nový Dvůr;52189;49.2706687;14.1943306;
node;5490919279;Protivín,Maletice;28434;49.2359633;14.1858762;
node;4399860591;Vimperk,Bořanovice;39509;49.0778265;13.8040177;
node;4399949996;Vimperk,Bořanovice;39509;49.0779503;13.8041331;
node;9174048186;Jindřichův Hradec,,sídl.Hvězdárna MŠ;;49.1308137;15.0006772;
node;6705346072;Čkyně,Onšovice;5307;49.1110506;13.7749424;
node;6695274834;Bošice,Hradčany;2317;49.0983162;13.8414994;
node;6715937741;Vacov,Benešova Hora;37985;49.1233921;13.6994462;
node;6715937742;Vacov,Benešova Hora;37985;49.1235535;13.6994141;
node;525564200;Milevsko,,aut.st.;;49.4496123;14.3610025;
node;5514162785;Předotice,Šamonice;28588;49.3569852;14.0310659;
node;5514162795;Předotice,Šamonice;28588;49.3571713;14.0309103;
node;7019702503;Varvažov;38319;49.4400087;14.1437951;
node;5494278411;Nevězice;23143;49.4774818;14.1527000;
node;5494278418;Probulov;28288;49.4928697;14.1455385;
node;5494278419;Probulov;28288;49.4927887;14.1458054;
node;6715937907;Stachy,Úbislav;32675;49.1205049;13.6642402;
node;6715938055;Stachy,Úbislav;32675;49.1206497;13.6642966;
node;6705360312;Vacov,Čábuze;37987;49.1145633;13.7133166;
node;6705360313;Vacov,Čábuze;37987;49.1147398;13.7126581;
node;6703086806;Zdíkov,Račov;41766;49.0940844;13.7326279;
node;6703086805;Zdíkov,Račov;41766;49.0941485;13.7323831;
node;9174048185;Jindřichův Hradec,,sídl.Hvězdárna;;49.1335757;15.0000611;
node;10689913288;Hrejkovice,Níkovice,rozc.1.0;10760;49.4966202;14.3033962;
node;10689913289;Hrejkovice,Níkovice,rozc.1.0;10760;49.4966545;14.3030348;
node;5514479497;Předotice,,u bytovky;56824;49.3631611;14.0535186;
node;5514479498;Předotice,,u bytovky;56824;49.3630908;14.0536078;
node;5494278404;Orlík n.Vlt.,,statek;25134;49.5112108;14.1555928;
node;5494278405;Orlík n.Vlt.,,statek;25134;49.5112762;14.1557175;
node;5494278371;Kožlí u Orlíka;15933;49.5159659;14.1468649;
node;2131126153;Zvíkovské Podhradí,,rozc.;42211;49.4238208;14.2027265;
node;7182717414;Zvíkovské Podhradí,,rozc.;42211;49.4237291;14.2026390;
node;6367938223;Oslov,Tukleky;25345;49.3847671;14.2028184;
node;8287515641;České Budějovice,,Větrná;49696;48.9865693;14.4438222;
node;282382215;Stachy,,Zadov Sporthotel;32681;49.0690069;13.6199242;
node;9674056873;Milevsko,,Nádražní sídl.rozc.;;49.4436952;14.3720348;
node;9674056874;Milevsko,,Nádražní sídl.rozc.;;49.4438604;14.3720546;
node;10689846342;Kostelec n.Vlt.,Zahrádka,rozc.;15524;49.4948464;14.2312651;
node;10689846339;Kostelec n.Vlt.,Zahrádka;15523;49.4928398;14.2267952;
node;10689846343;Kostelec n.Vlt.,,U rybníka;51829;49.5012599;14.2119012;
node;10689846346;Kostelec n.Vlt.,,U rybníka;51829;49.5013352;14.2121573;
node;10689846344;Kostelec n.Vlt.;15513;49.4996874;14.2130678;
node;10689846345;Kostelec n.Vlt.;15513;49.4995651;14.2131023;
node;5491675729;Vlastec;39777;49.3648629;14.2112875;
node;5491675730;Vlastec;39777;49.3650122;14.2111963;
node;10689846354;Kovářov,Zahořany,rozc.1.1;15818;49.5466080;14.2475710;
node;10689846357;Kovářov,Zahořany,rozc.1.1;15818;49.5465546;14.2474957;
node;10689846358;Kovářov,,rozc.Klučenice 2.0;14696;49.5571480;14.2304106;
node;10689846361;Kovářov,,rozc.Klučenice 2.0;14696;49.5571938;14.2302771;
node;4421016902;Český Krumlov,Spolí,Otav.;4981;48.7940293;14.3037711;
node;9674056875;Milevsko,,Mírové nám.u věžáku;;49.4430322;14.3726609;
node;9674056866;Milevsko,,žel.st.;;49.4419433;14.3774778;
node;5514518572;Předotice,Vadkovice;28592;49.3623073;14.0459508;
node;5514518573;Předotice,Vadkovice;28592;49.3622366;14.0460607;
node;5513515170;Předotice,Podolí II;28585;49.3709351;14.0426557;
node;6703086920;Stachy,Kůsov;32669;49.0858504;13.6416956;
node;6688383145;Stachy,,Michalov;32671;49.1005206;13.6457933;
node;6688382939;Nicov;23194;49.1239621;13.6202721;
node;9276865795;Zdíkov,,rozc.Nové Hutě 1.0;;49.0480189;13.6647693;
node;9276865794;Zdíkov,,rozc.Nové Hutě 1.0;;49.0480243;13.6650617;
node;5511321076;Drhovle,Pamětice;7121;49.3407320;14.0335040;
node;5510960544;Drhovle,Brloh,pila;7117;49.3291208;14.0263237;
node;5510960542;Drhovle,Brloh;7116;49.3272783;14.0188403;
node;10689846340;Kostelec n.Vlt.,Přílepov,rozc.1.5;15518;49.4864502;14.2539692;
node;9725081259;Slapy,,žel.zast.;;49.3856299;14.6281576;
node;9725081260;Slapy,,žel.zast.;;49.3857039;14.6282133;
node;269131823;Tábor,Horky,žel.zast.;;49.3958546;14.6430344;
node;269131824;Tábor,Horky,žel.zast.;;49.3958950;14.6431841;
node;9729271011;Řípec,,rozc.Dráchov 1.0;;49.2283710;14.7203221;
node;9729271010;Řípec,,rozc.Dráchov 1.0;;49.2278472;14.7206768;
node;6367937344;Vojníkov;40011;49.3539007;14.1780442;
node;9729270485;Veselí n.Luž.,,Lužan;;49.2027873;14.7168589;
node;9729270484;Veselí n.Luž.,,Lužan;;49.2030884;14.7170828;
node;9729270488;Veselí n.Luž.,,Prefa;;49.1972871;14.7162727;
node;9729270489;Veselí n.Luž.,,Prefa;;49.1973169;14.7160955;
node;9729270481;Veselí n.Luž.,,V Podhájku;;49.1856216;14.6960262;
node;251694592;Tábor,,Nový ráj;;49.4172613;14.6627173;
node;165983142;Tábor,,Tržní nám.;;49.4152319;14.6601558;
node;3634343706;Tábor,Záluží,rozc.Hlinice;;49.4266827;14.7132529;
node;10741509924;Tábor,Záluží,rozc.Hlinice;;49.4267487;14.7131777;
node;10741509929;Tábor,Stoklasná Lhota;;49.4484646;14.6755490;
node;3634343705;Tábor,Záluží,škola;;49.4230048;14.7088586;
node;10741509923;Tábor,Záluží,škola;;49.4230937;14.7087457;
node;9729270479;Veselí n.Luž.,,Chmelnice;;49.1898173;14.6945436;
node;9729270480;Veselí n.Luž.,,Chmelnice;;49.1898319;14.6946240;
node;6363020774;Veselí n.Luž.,,Jiráskova;;49.1834226;14.6975049;
node;9729270482;Veselí n.Luž.,,Hamerská;;49.1860784;14.7022867;
node;9729270483;Veselí n.Luž.,,Hamerská;;49.1861179;14.7021483;
node;1306122852;Veselí n.Luž.,,pískovna;;49.1774934;14.7124297;
node;10741509918;Veselí n.Luž.,,pískovna;;49.1774105;14.7124121;
node;9729270780;Veselí n.Luž.,,Tyršova čtvrť rozc.;;49.1854390;14.7213469;
node;9729270781;Veselí n.Luž.,,Tyršova čtvrť rozc.;;49.1855248;14.7212562;
node;277324751;Dunajovice;7484;49.0350514;14.6945350;
node;6641049442;Křišťanov,Arnoštov;16877;48.8947409;13.9934834;
node;7377606326;Vitějovice,,rozc.1.0;39672;49.0558222;14.0747130;
node;7377606325;Vitějovice,,rozc.1.0;39672;49.0556206;14.0743569;
node;6639935879;Strunkovice n.Blan.,Svojnice;33580;49.0653126;14.0706204;
node;674136772;Tábor,,Kozí Hrádek rozc.0.5;;49.3968548;14.7285590;
node;9406108814;Tábor,,Kozí Hrádek rozc.0.5;;49.3965609;14.7286075;
node;8930931895;Okrouhlá Radouň,,důl;24608;49.2358560;15.0248088;
node;6705346077;Vacov,Žár;38001;49.1155083;13.7634565;
node;6705359430;Vacov,Žár;38001;49.1156707;13.7634967;
node;75048782;Kvilda,,Bučina;17269;48.9713053;13.5969266;
